{
   "beta": 0.9149685151540563,
   "beta1": 0.9841012947448591,
   "l": 0.04024154864173315,
   "p1": 0.9008040992396066,
   "p2": 0.0692117288651942,
   "a": 3.011734312593694,
   "gama_a": 0.45117100890063294,
   "gama_i": 0.1924227253498746,
   "gama_r": 0.1491050883810109,
   "sigma_i": 0.21108472350906404,
   "sigma_p": 0.2356736248849564,
   "sigma_h": 0.22249194723395813
}