{
   "beta": 0.8133442439785663,
   "beta1": 0.16415835729826297,
   "l": 1.456529399512128,
   "p1": 0.5772479126780182,
   "p2": 0.3519403115975607,
   "a": 0.060587064183478034,
   "gama_a": 0.49176773365546333,
   "gama_i": 0.48859969725657626,
   "gama_r": 0.2496268461285118,
   "sigma_i": 0.31930985802453327,
   "sigma_p": 0.11403693673073256,
   "sigma_h": 0.24441803113707516
}