{
   "beta": 0.8868206001581331,
   "beta1": 0.36866670042026445,
   "l": 2.1976159571598726,
   "p1": 0.651910675000612,
   "p2": 0.011943064545395891,
   "a": 2.8393471675105304,
   "gama_a": 0.1553924812577828,
   "gama_i": 0.33974988151013724,
   "gama_r": 0.4917039772290902,
   "sigma_i": 0.3109733482580978,
   "sigma_p": 0.7225343468148431,
   "sigma_h": 0.2344537517892179
}