{
   "beta": 0.47346184013676057,
   "beta1": 0.4400423558423022,
   "p1": 0.5945960133678267,
   "p2": 0.4974630358097555,
   "a": 0.02732553462582584,
   "gama": 0.17197440978517328
}