{
   "beta": 1.0552222672826521,
   "beta1": 0.08984375,
   "p1": 0.8250917576037543,
   "p2": 0.002694429504708926,
   "a": 1.2332957759356145,
   "gama": 0.8193466802550832
}