{
   "beta": 0.7165532656013478,
   "beta1": 0.33214540455658037,
   "p1": 0.6566983356455571,
   "p2": 0.22147257994069483,
   "a": 6.171239200022676,
   "gama": 0.4700165867059868
}