{
   "beta": 0.7426723129984228,
   "beta1": 0.4859168002253474,
   "p1": 0.590162705179631,
   "p2": 0.3933239037442277,
   "a": 5.954315953007826,
   "gama": 0.44972813705703574
}