{
   "beta": 0.8736979166666666,
   "beta1": 0.9856770833333333,
   "p1": 0.9,
   "a": 0.9244791666666665,
   "gama": 0.779296875
}