{
   "beta": 0.8722415999789775,
   "beta1": 0.4411542740500129,
   "p1": 0.36422846059202046,
   "a": 4.775238761934527,
   "gama": 0.3152560416696874
}