{
   "beta": 0.5844158355609891,
   "beta1": 0.8157882182596107,
   "p1": 0.8093418094917626,
   "a": 9.031287268182576,
   "gama": 0.480556896063281
}