{
   "beta": 0.6676166022196391,
   "a": 6.777661364220282,
   "gama": 0.6348942640397842
}