{
   "beta": 0.845703125,
   "a": 0.884765625,
   "gama": 0.828125
}