{
   "beta": 0.07690801527229942,
   "a": 0.3400016050319729,
   "gama": 0.05694667553969117
}