{
   "beta": 0.4828119064727255,
   "a": 9.028900703433271,
   "gama": 0.4519247091993014
}