{
   "beta": 0.5755486399510528,
   "a": 8.203916032206697,
   "gama": 0.5670428040630626
}