{
   "gama": 0.6013853588609375,
   "beta": 0.5716337529523802
}