{
   "gama": 0.5700192518870689,
   "beta": 0.5619571339999614
}