{
   "gama": 0.5390625,
   "beta": 0.53125
}