{
   "gama": 0.5578456513555395,
   "beta": 0.5499370204076746
}