{
   "gama": 29.37649349112742,
   "beta": 29.311279892728866
}