{
   "gama": 0.6013556183719772,
   "beta": 0.5716161476595033
}