{
   "gama": 0.06283725927611161,
   "beta": 0.046388914088353654
}